,filenames,wordCounts,sizes,complexities,lexDiversities,uniques,readabilities,specialCount,req8
0,3133-20060310.txt,2358,15.1552734375,"{'percentageOf3Syllables': 10.644614079728584, 'wordInSentence': 24}",2.951188986232791,799,11.600000000000001,"{'supplement': 34, 'update': 75, 'annual': 10}",[]
1,3133-20060509.txt,0,0.0,"{'percentageOf3Syllables': 0, 'wordInSentence': 0}",0,0,,"{'supplement': 0, 'update': 0, 'annual': 0}",[]
2,3133-20060807.txt,0,0.0,"{'percentageOf3Syllables': 0, 'wordInSentence': 0}",0,0,,"{'supplement': 0, 'update': 0, 'annual': 0}",[]
3,3499-20060227.txt,5183,34.5107421875,"{'percentageOf3Syllables': 10.225737989581324, 'wordInSentence': 24}",3.511517615176152,1476,11.600000000000001,"{'supplement': 66, 'update': 148, 'annual': 12}",[]
4,3499-20060501.txt,31,0.1787109375,"{'percentageOf3Syllables': 0.0, 'wordInSentence': 31}",1.0689655172413792,29,14.4,"{'supplement': 0, 'update': 2, 'annual': 1}","['Item', '1A.', 'Risk', 'Factors', 'There', 'have', 'been', 'no', 'material', 'changes', 'in', 'our', '\xc2\x93Risk', 'Factors\xc2\x94', 'as', 'previously', 'disclosed', 'in', 'our', 'Annual', 'Report', 'on', 'Form', '10-K', 'for', 'the', 'year', 'ended', 'December', '31,']"
5,3499-20060731.txt,31,0.1787109375,"{'percentageOf3Syllables': 0.0, 'wordInSentence': 31}",1.0689655172413792,29,14.4,"{'supplement': 0, 'update': 2, 'annual': 1}","['Item', '1A.', 'Risk', 'Factors', 'There', 'have', 'been', 'no', 'material', 'changes', 'in', 'our', '\xc2\x93Risk', 'Factors\xc2\x94', 'as', 'previously', 'disclosed', 'in', 'our', 'Annual', 'Report', 'on', 'Form', '10-K', 'for', 'the', 'year', 'ended', 'December', '31,']"
6,3499-20061030.txt,31,0.177734375,"{'percentageOf3Syllables': 0.0, 'wordInSentence': 31}",1.0689655172413792,29,14.4,"{'supplement': 0, 'update': 2, 'annual': 1}","['Item', '1A.', 'Risk', 'Factors', 'There', 'have', 'been', 'no', 'material', 'changes', 'in', 'our', '\xc2\x93Risk', 'Factors\xc2\x94', 'as', 'previously', 'disclosed', 'in', 'our', 'Annual', 'Report', 'on', 'Form', '10-K', 'for', 'the', 'year', 'ended', 'December', '31,']"
7,3499-20070226.txt,5289,33.4892578125,"{'percentageOf3Syllables': 9.604840234448856, 'wordInSentence': 24}",3.4773175542406314,1521,11.600000000000001,"{'supplement': 69, 'update': 159, 'annual': 15}",[]
8,3499-20070430.txt,31,0.177734375,"{'percentageOf3Syllables': 0.0, 'wordInSentence': 31}",1.0689655172413792,29,14.4,"{'supplement': 0, 'update': 2, 'annual': 1}","['Item', '1A.', 'Risk', 'Factors', 'There', 'have', 'been', 'no', 'material', 'changes', 'in', 'our', '\xc2\x93Risk', 'Factors\xc2\x94', 'as', 'previously', 'disclosed', 'in', 'our', 'Annual', 'Report', 'on', 'Form', '10-K', 'for', 'the', 'year', 'ended', 'December', '31,']"
9,3499-20070730.txt,31,0.177734375,"{'percentageOf3Syllables': 0.0, 'wordInSentence': 31}",1.0689655172413792,29,14.4,"{'supplement': 0, 'update': 2, 'annual': 1}","['Item', '1A.', 'Risk', 'Factors', 'There', 'have', 'been', 'no', 'material', 'changes', 'in', 'our', '\xc2\x93Risk', 'Factors\xc2\x94', 'as', 'previously', 'disclosed', 'in', 'our', 'Annual', 'Report', 'on', 'Form', '10-K', 'for', 'the', 'year', 'ended', 'December', '31,']"
10,3499-20071029.txt,31,0.177734375,"{'percentageOf3Syllables': 0.0, 'wordInSentence': 31}",1.0689655172413792,29,14.4,"{'supplement': 0, 'update': 2, 'annual': 1}","['Item', '1A.', 'Risk', 'Factors', 'There', 'have', 'been', 'no', 'material', 'changes', 'in', 'our', '\xc2\x93Risk', 'Factors\xc2\x94', 'as', 'previously', 'disclosed', 'in', 'our', 'Annual', 'Report', 'on', 'Form', '10-K', 'for', 'the', 'year', 'ended', 'December', '31,']"
11,3499-20080225.txt,5169,32.8017578125,"{'percentageOf3Syllables': 9.556974269684659, 'wordInSentence': 24}",3.4925675675675674,1480,11.600000000000001,"{'supplement': 66, 'update': 158, 'annual': 15}",[]
12,3499-20080505.txt,31,0.177734375,"{'percentageOf3Syllables': 0.0, 'wordInSentence': 31}",1.0689655172413792,29,14.4,"{'supplement': 0, 'update': 2, 'annual': 1}","['Item', '1A.', 'Risk', 'Factors', 'There', 'have', 'been', 'no', 'material', 'changes', 'in', 'our', '\xc2\x93Risk', 'Factors\xc2\x94', 'as', 'previously', 'disclosed', 'in', 'our', 'Annual', 'Report', 'on', 'Form', '10-K', 'for', 'the', 'year', 'ended', 'December', '31,']"
13,3499-20080804.txt,31,0.177734375,"{'percentageOf3Syllables': 0.0, 'wordInSentence': 31}",1.0689655172413792,29,14.4,"{'supplement': 0, 'update': 2, 'annual': 1}","['Item', '1A.', 'Risk', 'Factors', 'There', 'have', 'been', 'no', 'material', 'changes', 'in', 'our', '\xc2\x93Risk', 'Factors\xc2\x94', 'as', 'previously', 'disclosed', 'in', 'our', 'Annual', 'Report', 'on', 'Form', '10-K', 'for', 'the', 'year', 'ended', 'December', '31,']"
14,3499-20081103.txt,31,0.177734375,"{'percentageOf3Syllables': 0.0, 'wordInSentence': 31}",1.0689655172413792,29,14.4,"{'supplement': 0, 'update': 2, 'annual': 1}","['Item', '1A.', 'Risk', 'Factors', 'There', 'have', 'been', 'no', 'material', 'changes', 'in', 'our', '\xc2\x93Risk', 'Factors\xc2\x94', 'as', 'previously', 'disclosed', 'in', 'our', 'Annual', 'Report', 'on', 'Form', '10-K', 'for', 'the', 'year', 'ended', 'December', '31,']"
15,3499-20090223.txt,5716,36.26171875,"{'percentageOf3Syllables': 9.849545136459062, 'wordInSentence': 25}",3.5635910224438905,1604,12.0,"{'supplement': 70, 'update': 178, 'annual': 19}",[]
16,3499-20090504.txt,31,0.177734375,"{'percentageOf3Syllables': 0.0, 'wordInSentence': 31}",1.0689655172413792,29,14.4,"{'supplement': 0, 'update': 2, 'annual': 1}","['Item', '1A.', 'Risk', 'Factors', 'There', 'have', 'been', 'no', 'material', 'changes', 'in', 'our', '\xc2\x93Risk', 'Factors\xc2\x94', 'as', 'previously', 'disclosed', 'in', 'our', 'Annual', 'Report', 'on', 'Form', '10-K', 'for', 'the', 'year', 'ended', 'December', '31,']"
17,3499-20090803.txt,31,0.177734375,"{'percentageOf3Syllables': 0.0, 'wordInSentence': 31}",1.0689655172413792,29,14.4,"{'supplement': 0, 'update': 2, 'annual': 1}","['Item', '1A.', 'Risk', 'Factors', 'There', 'have', 'been', 'no', 'material', 'changes', 'in', 'our', '\xc2\x93Risk', 'Factors\xc2\x94', 'as', 'previously', 'disclosed', 'in', 'our', 'Annual', 'Report', 'on', 'Form', '10-K', 'for', 'the', 'year', 'ended', 'December', '31,']"
18,3499-20091102.txt,31,0.177734375,"{'percentageOf3Syllables': 0.0, 'wordInSentence': 31}",1.0689655172413792,29,14.4,"{'supplement': 0, 'update': 2, 'annual': 1}","['Item', '1A.', 'Risk', 'Factors', 'There', 'have', 'been', 'no', 'material', 'changes', 'in', 'our', '\xc2\x93Risk', 'Factors\xc2\x94', 'as', 'previously', 'disclosed', 'in', 'our', 'Annual', 'Report', 'on', 'Form', '10-K', 'for', 'the', 'year', 'ended', 'December', '31,']"
19,3499-20110222.txt,5683,36.49609375,"{'percentageOf3Syllables': 9.959528418089038, 'wordInSentence': 25}",3.5652446675031366,1594,12.0,"{'supplement': 73, 'update': 173, 'annual': 16}",[]
20,3499-20110502.txt,31,0.1826171875,"{'percentageOf3Syllables': 0.0, 'wordInSentence': 31}",1.0689655172413792,29,14.4,"{'supplement': 0, 'update': 2, 'annual': 1}","['Item', '1A.\xc2\xa0', 'Risk', 'Factors', 'There', 'have', 'been', 'no', 'material', 'changes', 'in', 'our', '\xe2\x80\x9cRisk', 'Factors\xe2\x80\x9d', 'as', 'previously', 'disclosed', 'in', 'our', 'Annual', 'Report', 'on', 'Form', '10-K', 'for', 'the', 'year', 'ended', 'December', '31,']"
21,3499-20110801.txt,31,0.1826171875,"{'percentageOf3Syllables': 0.0, 'wordInSentence': 31}",1.0689655172413792,29,14.4,"{'supplement': 0, 'update': 2, 'annual': 1}","['Item', '1A.\xc2\xa0', 'Risk', 'Factors', 'There', 'have', 'been', 'no', 'material', 'changes', 'in', 'our', '\xe2\x80\x9cRisk', 'Factors\xe2\x80\x9d', 'as', 'previously', 'disclosed', 'in', 'our', 'Annual', 'Report', 'on', 'Form', '10-K', 'for', 'the', 'year', 'ended', 'December', '31,']"
22,3499-20111103.txt,31,0.1796875,"{'percentageOf3Syllables': 0.0, 'wordInSentence': 31}",1.0689655172413792,29,14.4,"{'supplement': 0, 'update': 2, 'annual': 1}","['Item', '1A.', 'Risk', 'Factors', 'There', 'have', 'been', 'no', 'material', 'changes', 'in', 'our', '\xe2\x80\x9cRisk', 'Factors\xe2\x80\x9d', 'as', 'previously', 'disclosed', 'in', 'our', 'Annual', 'Report', 'on', 'Form', '10-K', 'for', 'the', 'year', 'ended', 'December', '31,']"
23,3499-20150217.txt,4,0.0224609375,"{'percentageOf3Syllables': 0.0, 'wordInSentence': 4}",1.0,4,3.6,"{'supplement': 0, 'update': 0, 'annual': 0}","['1A.', 'Risk', 'Factors', '6']"
24,3499-20150504.txt,31,0.1796875,"{'percentageOf3Syllables': 0.0, 'wordInSentence': 31}",1.0689655172413792,29,14.4,"{'supplement': 0, 'update': 2, 'annual': 1}","['Item', '1A.', 'Risk', 'Factors', 'There', 'have', 'been', 'no', 'material', 'changes', 'in', 'our', '\xe2\x80\x9cRisk', 'Factors\xe2\x80\x9d', 'as', 'previously', 'disclosed', 'in', 'our', 'Annual', 'Report', 'on', 'Form', '10-K', 'for', 'the', 'year', 'ended', 'December', '31,']"
25,3499-20150803.txt,31,0.1796875,"{'percentageOf3Syllables': 0.0, 'wordInSentence': 31}",1.0689655172413792,29,14.4,"{'supplement': 0, 'update': 2, 'annual': 1}","['Item', '1A.', 'Risk', 'Factors', 'There', 'have', 'been', 'no', 'material', 'changes', 'in', 'our', '\xe2\x80\x9cRisk', 'Factors\xe2\x80\x9d', 'as', 'previously', 'disclosed', 'in', 'our', 'Annual', 'Report', 'on', 'Form', '10-K', 'for', 'the', 'year', 'ended', 'December', '31,']"
26,3499-20151102.txt,31,0.1796875,"{'percentageOf3Syllables': 0.0, 'wordInSentence': 31}",1.0689655172413792,29,14.4,"{'supplement': 0, 'update': 2, 'annual': 1}","['Item', '1A.', 'Risk', 'Factors', 'There', 'have', 'been', 'no', 'material', 'changes', 'in', 'our', '\xe2\x80\x9cRisk', 'Factors\xe2\x80\x9d', 'as', 'previously', 'disclosed', 'in', 'our', 'Annual', 'Report', 'on', 'Form', '10-K', 'for', 'the', 'year', 'ended', 'December', '31,']"
27,3499-20160216.txt,4,0.0224609375,"{'percentageOf3Syllables': 0.0, 'wordInSentence': 4}",1.0,4,3.6,"{'supplement': 0, 'update': 0, 'annual': 0}","['1A.', 'Risk', 'Factors', '6']"
28,3906-20060313.txt,3922,24.94921875,"{'percentageOf3Syllables': 9.765425803161651, 'wordInSentence': 25}",3.923,1000,12.0,"{'supplement': 90, 'update': 136, 'annual': 19}",[]
29,3906-20060508.txt,3976,25.2392578125,"{'percentageOf3Syllables': 9.683098591549296, 'wordInSentence': 25}",3.97997997997998,999,12.0,"{'supplement': 90, 'update': 136, 'annual': 19}",[]
30,3906-20060809.txt,3976,25.2373046875,"{'percentageOf3Syllables': 9.70824949698189, 'wordInSentence': 25}",3.9839679358717435,998,12.0,"{'supplement': 90, 'update': 136, 'annual': 19}",[]
31,3906-20061108.txt,3628,23.01953125,"{'percentageOf3Syllables': 9.592061742006615, 'wordInSentence': 25}",3.863684771033014,939,12.0,"{'supplement': 83, 'update': 128, 'annual': 14}",[]
32,3906-20070301.txt,4013,25.46875,"{'percentageOf3Syllables': 9.444306005482183, 'wordInSentence': 25}",3.9113060428849904,1026,12.0,"{'supplement': 92, 'update': 144, 'annual': 15}",[]
33,3906-20070508.txt,4474,28.3876953125,"{'percentageOf3Syllables': 9.611086276262853, 'wordInSentence': 24}",4.0821167883211675,1096,11.600000000000001,"{'supplement': 99, 'update': 156, 'annual': 20}",[]
34,3906-20070809.txt,5023,31.7626953125,"{'percentageOf3Syllables': 9.436591678279912, 'wordInSentence': 25}",4.185833333333333,1200,12.0,"{'supplement': 105, 'update': 176, 'annual': 23}",[]
35,3906-20071108.txt,4902,30.9765625,"{'percentageOf3Syllables': 9.281925744594043, 'wordInSentence': 25}",4.179028132992327,1173,12.0,"{'supplement': 102, 'update': 171, 'annual': 22}",[]
36,3906-20090302.txt,6302,42.85546875,"{'percentageOf3Syllables': 8.933671850206284, 'wordInSentence': 24}",4.489316239316239,1404,11.600000000000001,"{'supplement': 127, 'update': 214, 'annual': 28}",[]
37,3906-20090511.txt,6426,43.5205078125,"{'percentageOf3Syllables': 8.823529411764707, 'wordInSentence': 25}",4.58416547788873,1402,12.0,"{'supplement': 134, 'update': 220, 'annual': 28}",[]
38,3906-20090810.txt,6477,43.8232421875,"{'percentageOf3Syllables': 8.815809788482323, 'wordInSentence': 24}",4.591070163004961,1411,11.600000000000001,"{'supplement': 137, 'update': 227, 'annual': 28}",[]
39,3906-20091106.txt,6532,44.232421875,"{'percentageOf3Syllables': 8.603796693202694, 'wordInSentence': 25}",4.520415224913495,1445,12.0,"{'supplement': 141, 'update': 222, 'annual': 29}",[]
40,4962-20060306.txt,4613,30.1328125,"{'percentageOf3Syllables': 10.55712117927596, 'wordInSentence': 27}",3.4981046247156935,1319,12.8,"{'supplement': 47, 'update': 139, 'annual': 11}",[]
41,4962-20060508.txt,0,0.0,"{'percentageOf3Syllables': 0, 'wordInSentence': 0}",0,0,,"{'supplement': 0, 'update': 0, 'annual': 0}",[]
42,4962-20060807.txt,0,0.0,"{'percentageOf3Syllables': 0, 'wordInSentence': 0}",0,0,,"{'supplement': 0, 'update': 0, 'annual': 0}",[]
43,4962-20061109.txt,0,0.0,"{'percentageOf3Syllables': 0, 'wordInSentence': 0}",0,0,,"{'supplement': 0, 'update': 0, 'annual': 0}",[]
44,4962-20070301.txt,5019,33.3271484375,"{'percentageOf3Syllables': 10.400478182904962, 'wordInSentence': 28}",3.5161064425770308,1428,13.200000000000001,"{'supplement': 50, 'update': 152, 'annual': 15}",[]
45,4962-20070509.txt,0,0.0,"{'percentageOf3Syllables': 0, 'wordInSentence': 0}",0,0,,"{'supplement': 0, 'update': 0, 'annual': 0}",[]
46,4962-20070807.txt,0,0.0,"{'percentageOf3Syllables': 0, 'wordInSentence': 0}",0,0,,"{'supplement': 0, 'update': 0, 'annual': 0}",[]
47,4962-20071109.txt,0,0.0,"{'percentageOf3Syllables': 0, 'wordInSentence': 0}",0,0,,"{'supplement': 0, 'update': 0, 'annual': 0}",[]
48,4962-20080228.txt,5718,37.625,"{'percentageOf3Syllables': 10.825463448758308, 'wordInSentence': 28}",3.635092180546726,1573,13.200000000000001,"{'supplement': 64, 'update': 168, 'annual': 17}",[]
49,4962-20080502.txt,0,0.0,"{'percentageOf3Syllables': 0, 'wordInSentence': 0}",0,0,,"{'supplement': 0, 'update': 0, 'annual': 0}",[]
50,4962-20080731.txt,0,0.0,"{'percentageOf3Syllables': 0, 'wordInSentence': 0}",0,0,,"{'supplement': 0, 'update': 0, 'annual': 0}",[]
51,4962-20081031.txt,6,0.033203125,"{'percentageOf3Syllables': 0.0, 'wordInSentence': 6}",1.0,6,4.4,"{'supplement': 0, 'update': 0, 'annual': 0}","['Item', '1A.', 'Risk', 'Factors', '70', '73']"
52,4962-20090227.txt,9017,58.84765625,"{'percentageOf3Syllables': 10.391482754796495, 'wordInSentence': 29}",4.1711378353376505,2162,13.600000000000001,"{'supplement': 101, 'update': 242, 'annual': 29}",[]
53,4962-20090501.txt,59,0.4189453125,"{'percentageOf3Syllables': 1.694915254237288, 'wordInSentence': 14}",1.18,50,7.6000000000000005,"{'supplement': 1, 'update': 1, 'annual': 2}","['ITEM', '1A.\xc2\xa0', 'RISK', 'FACTORS', 'For', 'a', 'discussion', 'of', 'the', 'Company\xc2\x92s', 'risk', 'factors,', 'see', 'Part', 'I,', 'Item', '1A.', '\xc2\x93Risk', 'Factors\xc2\x94', 'of', 'our', 'Annual', 'Report', 'on', 'Form', '10-K', 'for', 'the', 'year', 'ended']"
54,4962-20090803.txt,474,2.9306640625,"{'percentageOf3Syllables': 6.751054852320675, 'wordInSentence': 29}",2.0170212765957447,235,13.600000000000001,"{'supplement': 5, 'update': 14, 'annual': 1}",[]
55,4962-20091030.txt,1109,7.2431640625,"{'percentageOf3Syllables': 9.558160504959423, 'wordInSentence': 33}",2.2404040404040404,495,15.200000000000001,"{'supplement': 12, 'update': 32, 'annual': 3}",[]
56,4962-20100226 - Copy.txt,218988,2099.294921875,"{'percentageOf3Syllables': 22.393921128098345, 'wordInSentence': 43}",15.388526544638474,14259,19.200000000000003,"{'supplement': 1237, 'update': 2794, 'annual': 379}",[]
57,4962-20100226.txt,218988,2099.294921875,"{'percentageOf3Syllables': 22.393921128098345, 'wordInSentence': 43}",15.388526544638474,14259,19.200000000000003,"{'supplement': 1237, 'update': 2794, 'annual': 379}",[]
58,4962-20100505.txt,310,1.919921875,"{'percentageOf3Syllables': 5.483870967741935, 'wordInSentence': 23}",1.8902439024390243,164,11.200000000000001,"{'supplement': 5, 'update': 8, 'annual': 2}",[]
59,4962-20100805.txt,1095,7.2392578125,"{'percentageOf3Syllables': 9.132420091324201, 'wordInSentence': 37}",2.2955974842767297,477,16.8,"{'supplement': 13, 'update': 27, 'annual': 3}",[]
60,4962-20101103.txt,505,3.1953125,"{'percentageOf3Syllables': 5.544554455445544, 'wordInSentence': 38}",2.095435684647303,241,17.2,"{'supplement': 6, 'update': 17, 'annual': 3}",[]
61,4962-20140225.txt,15648,103.927734375,"{'percentageOf3Syllables': 11.394427402862986, 'wordInSentence': 29}",5.2875,2960,13.600000000000001,"{'supplement': 160, 'update': 357, 'annual': 48}",[]
62,4962-20140429.txt,106,0.5869140625,"{'percentageOf3Syllables': 5.660377358490566, 'wordInSentence': 17}",1.452054794520548,73,8.8,"{'supplement': 1, 'update': 2, 'annual': 1}","['ITEM', '1A.', 'RISK', 'FACTORS', 'For', 'a', 'discussion', 'of', 'our', 'risk', 'factors,', 'see', 'Part', 'I,', 'Item', '1A.', '\xc2\x93Risk', 'Factors\xc2\x94', 'of', 'our', 'Annual', 'Report', 'on', 'Form', '10-K', 'for', 'the', 'year', 'ended', 'December']"
63,4962-20140730.txt,1074,6.947265625,"{'percentageOf3Syllables': 9.869646182495345, 'wordInSentence': 32}",2.4134831460674158,445,14.8,"{'supplement': 15, 'update': 24, 'annual': 6}",[]
64,4962-20141028.txt,144,0.8125,"{'percentageOf3Syllables': 4.861111111111111, 'wordInSentence': 20}",1.6551724137931034,87,10.0,"{'supplement': 2, 'update': 4, 'annual': 4}","['ITEM', '1A.', 'RISK', 'FACTORS', 'For', 'a', 'discussion', 'of', 'our', 'risk', 'factors,', 'see', 'Part', 'I,', 'Item', '1A.', '\xc2\x93Risk', 'Factors\xc2\x94', 'of', 'our', 'Annual', 'Report', 'on', 'Form', '10-K', 'for', 'the', 'year', 'ended', 'December']"
65,4977-20070228.txt,2496,17.1103515625,"{'percentageOf3Syllables': 11.698717948717949, 'wordInSentence': 24}",2.823529411764706,884,11.600000000000001,"{'supplement': 44, 'update': 58, 'annual': 17}",[]
66,4977-20070509.txt,0,0.0,"{'percentageOf3Syllables': 0, 'wordInSentence': 0}",0,0,,"{'supplement': 0, 'update': 0, 'annual': 0}",[]
67,4977-20070808.txt,0,0.0,"{'percentageOf3Syllables': 0, 'wordInSentence': 0}",0,0,,"{'supplement': 0, 'update': 0, 'annual': 0}",[]
68,4977-20071108.txt,0,0.0,"{'percentageOf3Syllables': 0, 'wordInSentence': 0}",0,0,,"{'supplement': 0, 'update': 0, 'annual': 0}",[]
69,4977-20090220.txt,8687,57.427734375,"{'percentageOf3Syllables': 11.32727063428111, 'wordInSentence': 26}",4.258823529411765,2040,12.4,"{'supplement': 129, 'update': 281, 'annual': 43}",[]
70,4977-20090508.txt,0,0.0,"{'percentageOf3Syllables': 0, 'wordInSentence': 0}",0,0,,"{'supplement': 0, 'update': 0, 'annual': 0}",[]
71,4977-20090807.txt,0,0.0,"{'percentageOf3Syllables': 0, 'wordInSentence': 0}",0,0,,"{'supplement': 0, 'update': 0, 'annual': 0}",[]
72,4977-20091106.txt,0,0.0,"{'percentageOf3Syllables': 0, 'wordInSentence': 0}",0,0,,"{'supplement': 0, 'update': 0, 'annual': 0}",[]
73,4977-20120227.txt,9085,59.1875,"{'percentageOf3Syllables': 10.919097413318656, 'wordInSentence': 27}",4.332379589890319,2097,12.8,"{'supplement': 123, 'update': 293, 'annual': 46}",[]
74,4977-20120507.txt,0,0.0,"{'percentageOf3Syllables': 0, 'wordInSentence': 0}",0,0,,"{'supplement': 0, 'update': 0, 'annual': 0}",[]
75,4977-20120803.txt,0,0.0,"{'percentageOf3Syllables': 0, 'wordInSentence': 0}",0,0,,"{'supplement': 0, 'update': 0, 'annual': 0}",[]
76,4977-20121102.txt,0,0.0,"{'percentageOf3Syllables': 0, 'wordInSentence': 0}",0,0,,"{'supplement': 0, 'update': 0, 'annual': 0}",[]
77,4977-20160225.txt,13133,86.029296875,"{'percentageOf3Syllables': 11.15510545952943, 'wordInSentence': 25}",4.888475836431227,2690,12.0,"{'supplement': 188, 'update': 398, 'annual': 51}",[]
78,5272-20120223.txt,9842,67.7822265625,"{'percentageOf3Syllables': 12.497459865880918, 'wordInSentence': 26}",4.1214405360134005,2388,12.4,"{'supplement': 137, 'update': 241, 'annual': 44}",[]
79,5272-20120503.txt,0,0.0,"{'percentageOf3Syllables': 0, 'wordInSentence': 0}",0,0,,"{'supplement': 0, 'update': 0, 'annual': 0}",[]
80,5272-20120802.txt,598,4.1044921875,"{'percentageOf3Syllables': 12.37458193979933, 'wordInSentence': 23}",1.8984126984126983,315,11.200000000000001,"{'supplement': 4, 'update': 13, 'annual': 5}",[]
81,5272-20121101.txt,1153,7.8154296875,"{'percentageOf3Syllables': 13.269731136166522, 'wordInSentence': 28}",2.1856060606060606,528,13.200000000000001,"{'supplement': 25, 'update': 17, 'annual': 7}",[]
82,5272-20150220.txt,9780,65.0361328125,"{'percentageOf3Syllables': 11.89161554192229, 'wordInSentence': 25}",4.308300395256917,2277,12.0,"{'supplement': 133, 'update': 270, 'annual': 55}",[]
83,5272-20150504.txt,38,0.2216796875,"{'percentageOf3Syllables': 5.2631578947368425, 'wordInSentence': 19}",1.21875,32,9.600000000000001,"{'supplement': 0, 'update': 4, 'annual': 1}","['Item', '1A.', '/', 'Risk', 'Factors', 'In', 'addition', 'to', 'the', 'other', 'information', 'set', 'forth', 'in', 'this', 'Quarterly', 'Report', 'on', 'Form', '10-Q,', 'you', 'should', 'carefully', 'consider', 'the', 'factors', 'discussed', 'in', 'Part', 'I,']"
84,5272-20150803.txt,38,0.2216796875,"{'percentageOf3Syllables': 5.2631578947368425, 'wordInSentence': 19}",1.21875,32,9.600000000000001,"{'supplement': 0, 'update': 4, 'annual': 1}","['Item', '1A.', '/', 'Risk', 'Factors', 'In', 'addition', 'to', 'the', 'other', 'information', 'set', 'forth', 'in', 'this', 'Quarterly', 'Report', 'on', 'Form', '10-Q,', 'you', 'should', 'carefully', 'consider', 'the', 'factors', 'discussed', 'in', 'Part', 'I,']"
85,5272-20151102.txt,166,1.111328125,"{'percentageOf3Syllables': 16.867469879518072, 'wordInSentence': 23}",1.6057692307692308,104,11.200000000000001,"{'supplement': 1, 'update': 6, 'annual': 1}",[]
86,5272-20160219.txt,10187,67.9072265625,"{'percentageOf3Syllables': 12.201825856483755, 'wordInSentence': 26}",4.397932816537468,2322,12.4,"{'supplement': 133, 'update': 276, 'annual': 55}",[]
87,5513-20060303.txt,3212,21.54296875,"{'percentageOf3Syllables': 11.674968866749689, 'wordInSentence': 26}",3.0795781399808244,1043,12.4,"{'supplement': 47, 'update': 99, 'annual': 14}",[]
88,5513-20060508.txt,2104,14.0576171875,"{'percentageOf3Syllables': 10.598859315589353, 'wordInSentence': 21}",4.304703476482618,489,10.4,"{'supplement': 12, 'update': 46, 'annual': 7}",[]
89,5513-20060807.txt,2313,15.5166015625,"{'percentageOf3Syllables': 10.1599654128837, 'wordInSentence': 20}",3.8647746243739567,599,10.0,"{'supplement': 17, 'update': 50, 'annual': 11}",[]
90,5513-20061107.txt,2105,14.12109375,"{'percentageOf3Syllables': 10.546318289786223, 'wordInSentence': 21}",4.297959183673469,490,10.4,"{'supplement': 12, 'update': 46, 'annual': 7}",[]
91,5513-20090224.txt,5683,37.1494140625,"{'percentageOf3Syllables': 11.525602674643673, 'wordInSentence': 26}",3.8659863945578232,1470,12.4,"{'supplement': 85, 'update': 179, 'annual': 27}",[]
92,5513-20090430.txt,2138,14.16015625,"{'percentageOf3Syllables': 9.21421889616464, 'wordInSentence': 19}",4.374233128834356,489,9.600000000000001,"{'supplement': 11, 'update': 46, 'annual': 7}",[]
93,5513-20090805 - Copy.txt,129479,1429.294921875,"{'percentageOf3Syllables': 23.871824774673886, 'wordInSentence': 27}",20.993548387096773,6200,12.8,"{'supplement': 377, 'update': 836, 'annual': 160}",[]
94,5513-20090805.txt,129479,1429.294921875,"{'percentageOf3Syllables': 23.871824774673886, 'wordInSentence': 27}",20.993548387096773,6200,12.8,"{'supplement': 377, 'update': 836, 'annual': 160}",[]
95,5513-20091104 - Copy.txt,133571,1514.9970703125,"{'percentageOf3Syllables': 29.15303471561941, 'wordInSentence': 29}",20.402769324406574,6572,13.600000000000001,"{'supplement': 408, 'update': 951, 'annual': 164}",[]
96,5513-20091104.txt,133571,1514.9970703125,"{'percentageOf3Syllables': 29.15303471561941, 'wordInSentence': 29}",20.402769324406574,6572,13.600000000000001,"{'supplement': 408, 'update': 951, 'annual': 164}",[]
97,5513-20140226.txt,8074,52.9423828125,"{'percentageOf3Syllables': 12.100569729997522, 'wordInSentence': 28}",4.313034188034188,1872,13.200000000000001,"{'supplement': 113, 'update': 252, 'annual': 34}",[]
98,5513-20140508.txt,28,0.162109375,"{'percentageOf3Syllables': 0.0, 'wordInSentence': 28}",1.037037037037037,27,13.200000000000001,"{'supplement': 0, 'update': 1, 'annual': 1}","['ITEM', '1A.', 'RISK', 'FACTORS', 'There', 'have', 'been', 'no', 'material', 'changes', 'from', 'the', 'risk', 'factors', 'disclosed', 'in', 'our', 'annual', 'report', 'on', 'Form', '10-K', 'for', 'the', 'year', 'ended', 'December\xc2\xa031,', '2013']"
99,5513-20140731.txt,28,0.162109375,"{'percentageOf3Syllables': 0.0, 'wordInSentence': 28}",1.037037037037037,27,13.200000000000001,"{'supplement': 0, 'update': 1, 'annual': 1}","['ITEM', '1A.', 'RISK', 'FACTORS', 'There', 'have', 'been', 'no', 'material', 'changes', 'from', 'the', 'risk', 'factors', 'disclosed', 'in', 'our', 'annual', 'report', 'on', 'Form', '10-K', 'for', 'the', 'year', 'ended', 'December\xc2\xa031,', '2013']"
100,5513-20141030.txt,28,0.162109375,"{'percentageOf3Syllables': 0.0, 'wordInSentence': 28}",1.037037037037037,27,13.200000000000001,"{'supplement': 0, 'update': 1, 'annual': 1}","['ITEM', '1A.', 'RISK', 'FACTORS', 'There', 'have', 'been', 'no', 'material', 'changes', 'from', 'the', 'risk', 'factors', 'disclosed', 'in', 'our', 'annual', 'report', 'on', 'Form', '10-K', 'for', 'the', 'year', 'ended', 'December\xc2\xa031,', '2013']"
101,5513-20150225.txt,7902,51.798828125,"{'percentageOf3Syllables': 12.060237914452037, 'wordInSentence': 28}",4.336992316136114,1822,13.200000000000001,"{'supplement': 104, 'update': 240, 'annual': 32}",[]
102,5513-20150430.txt,28,0.162109375,"{'percentageOf3Syllables': 0.0, 'wordInSentence': 28}",1.037037037037037,27,13.200000000000001,"{'supplement': 0, 'update': 1, 'annual': 1}","['ITEM', '1A.', 'RISK', 'FACTORS', 'There', 'have', 'been', 'no', 'material', 'changes', 'from', 'the', 'risk', 'factors', 'disclosed', 'in', 'our', 'annual', 'report', 'on', 'Form', '10-K', 'for', 'the', 'year', 'ended', 'December\xc2\xa031,', '2014']"
103,5513-20150730.txt,28,0.162109375,"{'percentageOf3Syllables': 0.0, 'wordInSentence': 28}",1.037037037037037,27,13.200000000000001,"{'supplement': 0, 'update': 1, 'annual': 1}","['ITEM', '1A.', 'RISK', 'FACTORS', 'There', 'have', 'been', 'no', 'material', 'changes', 'from', 'the', 'risk', 'factors', 'disclosed', 'in', 'our', 'annual', 'report', 'on', 'Form', '10-K', 'for', 'the', 'year', 'ended', 'December\xc2\xa031,', '2014']"
104,5513-20151029.txt,28,0.162109375,"{'percentageOf3Syllables': 0.0, 'wordInSentence': 28}",1.037037037037037,27,13.200000000000001,"{'supplement': 0, 'update': 1, 'annual': 1}","['ITEM', '1A.', 'RISK', 'FACTORS', 'There', 'have', 'been', 'no', 'material', 'changes', 'from', 'the', 'risk', 'factors', 'disclosed', 'in', 'our', 'annual', 'report', 'on', 'Form', '10-K', 'for', 'the', 'year', 'ended', 'December\xc2\xa031,', '2014']"
105,5513-20160224.txt,8056,53.0576171875,"{'percentageOf3Syllables': 12.437934458788481, 'wordInSentence': 28}",4.371134020618556,1843,13.200000000000001,"{'supplement': 105, 'update': 239, 'annual': 33}",[]
106,7789-20060302.txt,4330,30.3525390625,"{'percentageOf3Syllables': 14.434180138568129, 'wordInSentence': 28}",3.285280728376328,1318,13.200000000000001,"{'supplement': 61, 'update': 102, 'annual': 17}",[]
107,7789-20060508.txt,0,0.0,"{'percentageOf3Syllables': 0, 'wordInSentence': 0}",0,0,,"{'supplement': 0, 'update': 0, 'annual': 0}",[]
108,7789-20060808.txt,0,0.0,"{'percentageOf3Syllables': 0, 'wordInSentence': 0}",0,0,,"{'supplement': 0, 'update': 0, 'annual': 0}",[]
109,7789-20061107.txt,0,0.0,"{'percentageOf3Syllables': 0, 'wordInSentence': 0}",0,0,,"{'supplement': 0, 'update': 0, 'annual': 0}",[]
110,7789-20070228.txt,6751,48.0517578125,"{'percentageOf3Syllables': 10.931713820174789, 'wordInSentence': 28}",3.780515117581187,1786,13.200000000000001,"{'supplement': 116, 'update': 159, 'annual': 23}",[]
111,7789-20070508.txt,0,0.0,"{'percentageOf3Syllables': 0, 'wordInSentence': 0}",0,0,,"{'supplement': 0, 'update': 0, 'annual': 0}",[]
112,7789-20070806.txt,0,0.0,"{'percentageOf3Syllables': 0, 'wordInSentence': 0}",0,0,,"{'supplement': 0, 'update': 0, 'annual': 0}",[]
113,7789-20071106.txt,0,0.0,"{'percentageOf3Syllables': 0, 'wordInSentence': 0}",0,0,,"{'supplement': 0, 'update': 0, 'annual': 0}",[]
114,7789-20080227.txt,0,0.0,"{'percentageOf3Syllables': 0, 'wordInSentence': 0}",0,0,,"{'supplement': 0, 'update': 0, 'annual': 0}",[]
115,7789-20080507.txt,0,0.0,"{'percentageOf3Syllables': 0, 'wordInSentence': 0}",0,0,,"{'supplement': 0, 'update': 0, 'annual': 0}",[]
116,7789-20080806.txt,0,0.0,"{'percentageOf3Syllables': 0, 'wordInSentence': 0}",0,0,,"{'supplement': 0, 'update': 0, 'annual': 0}",[]
117,7789-20081105.txt,0,0.0,"{'percentageOf3Syllables': 0, 'wordInSentence': 0}",0,0,,"{'supplement': 0, 'update': 0, 'annual': 0}",[]
118,7789-20090226.txt,7188,50.8642578125,"{'percentageOf3Syllables': 10.698386199220923, 'wordInSentence': 28}",3.831556503198294,1876,13.200000000000001,"{'supplement': 122, 'update': 170, 'annual': 23}",[]
119,7789-20090506.txt,0,0.0,"{'percentageOf3Syllables': 0, 'wordInSentence': 0}",0,0,,"{'supplement': 0, 'update': 0, 'annual': 0}",[]
120,7789-20090806.txt,0,0.0,"{'percentageOf3Syllables': 0, 'wordInSentence': 0}",0,0,,"{'supplement': 0, 'update': 0, 'annual': 0}",[]
121,7789-20091109.txt,339,2.0810546875,"{'percentageOf3Syllables': 6.1946902654867255, 'wordInSentence': 28}",1.7121212121212122,198,13.200000000000001,"{'supplement': 6, 'update': 9, 'annual': 2}",[]
122,7789-20100216.txt,8887,62.443359375,"{'percentageOf3Syllables': 9.823337459210082, 'wordInSentence': 26}",4.0561387494294845,2191,12.4,"{'supplement': 160, 'update': 202, 'annual': 38}",[]
123,7789-20100507.txt,0,0.0,"{'percentageOf3Syllables': 0, 'wordInSentence': 0}",0,0,,"{'supplement': 0, 'update': 0, 'annual': 0}",[]
124,7789-20100806.txt,194,1.2470703125,"{'percentageOf3Syllables': 10.309278350515465, 'wordInSentence': 27}",1.5772357723577235,123,12.8,"{'supplement': 1, 'update': 6, 'annual': 1}",[]
125,7789-20101104.txt,213,1.390625,"{'percentageOf3Syllables': 10.7981220657277, 'wordInSentence': 26}",1.5777777777777777,135,12.4,"{'supplement': 1, 'update': 6, 'annual': 1}",[]
126,7789-20110215.txt,9843,69.5087890625,"{'percentageOf3Syllables': 10.01727115716753, 'wordInSentence': 27}",4.4603534209333935,2207,12.8,"{'supplement': 177, 'update': 212, 'annual': 41}",[]
127,7789-20110506.txt,0,0.0,"{'percentageOf3Syllables': 0, 'wordInSentence': 0}",0,0,,"{'supplement': 0, 'update': 0, 'annual': 0}",[]
128,7789-20110808.txt,0,0.0,"{'percentageOf3Syllables': 0, 'wordInSentence': 0}",0,0,,"{'supplement': 0, 'update': 0, 'annual': 0}",[]
129,7789-20111104.txt,0,0.0,"{'percentageOf3Syllables': 0, 'wordInSentence': 0}",0,0,,"{'supplement': 0, 'update': 0, 'annual': 0}",[]
130,7789-20120228.txt,9398,60.9560546875,"{'percentageOf3Syllables': 10.37454777612258, 'wordInSentence': 27}",4.363045496750233,2154,12.8,"{'supplement': 181, 'update': 215, 'annual': 38}",[]
131,7789-20120507.txt,0,0.0,"{'percentageOf3Syllables': 0, 'wordInSentence': 0}",0,0,,"{'supplement': 0, 'update': 0, 'annual': 0}",[]
132,7789-20120803.txt,0,0.0,"{'percentageOf3Syllables': 0, 'wordInSentence': 0}",0,0,,"{'supplement': 0, 'update': 0, 'annual': 0}",[]
133,7789-20121105.txt,0,0.0,"{'percentageOf3Syllables': 0, 'wordInSentence': 0}",0,0,,"{'supplement': 0, 'update': 0, 'annual': 0}",[]
134,7789-20130215.txt,9403,61.021484375,"{'percentageOf3Syllables': 10.47538019780921, 'wordInSentence': 27}",4.387517466231952,2147,12.8,"{'supplement': 176, 'update': 211, 'annual': 34}",[]
135,7789-20130503.txt,0,0.0,"{'percentageOf3Syllables': 0, 'wordInSentence': 0}",0,0,,"{'supplement': 0, 'update': 0, 'annual': 0}",[]
136,7789-20130802.txt,0,0.0,"{'percentageOf3Syllables': 0, 'wordInSentence': 0}",0,0,,"{'supplement': 0, 'update': 0, 'annual': 0}",[]
137,7789-20131101.txt,0,0.0,"{'percentageOf3Syllables': 0, 'wordInSentence': 0}",0,0,,"{'supplement': 0, 'update': 0, 'annual': 0}",[]
138,7789-20140205.txt,9443,61.501953125,"{'percentageOf3Syllables': 10.844011437043312, 'wordInSentence': 27}",4.408667287977633,2146,12.8,"{'supplement': 174, 'update': 209, 'annual': 36}",[]
139,7789-20140502.txt,179,1.21875,"{'percentageOf3Syllables': 15.083798882681565, 'wordInSentence': 29}",1.432,125,13.600000000000001,"{'supplement': 2, 'update': 3, 'annual': 1}",[]
140,7789-20140804.txt,0,0.0,"{'percentageOf3Syllables': 0, 'wordInSentence': 0}",0,0,,"{'supplement': 0, 'update': 0, 'annual': 0}",[]
141,7789-20141031.txt,0,0.0,"{'percentageOf3Syllables': 0, 'wordInSentence': 0}",0,0,,"{'supplement': 0, 'update': 0, 'annual': 0}",[]
142,7789-20150205.txt,9696,63.50390625,"{'percentageOf3Syllables': 11.35519801980198, 'wordInSentence': 27}",4.562235791451386,2129,12.8,"{'supplement': 169, 'update': 221, 'annual': 35}",[]
143,7789-20150501.txt,0,0.0,"{'percentageOf3Syllables': 0, 'wordInSentence': 0}",0,0,,"{'supplement': 0, 'update': 0, 'annual': 0}",[]
144,7789-20150730.txt,0,0.0,"{'percentageOf3Syllables': 0, 'wordInSentence': 0}",0,0,,"{'supplement': 0, 'update': 0, 'annual': 0}",[]
145,7789-20151030.txt,0,0.0,"{'percentageOf3Syllables': 0, 'wordInSentence': 0}",0,0,,"{'supplement': 0, 'update': 0, 'annual': 0}",[]
146,7789-20160205.txt,9724,63.6982421875,"{'percentageOf3Syllables': 11.332784862196627, 'wordInSentence': 27}",4.5276358569437996,2153,12.8,"{'supplement': 172, 'update': 222, 'annual': 34}",[]
147,8177-20060331.txt,2980,20.0498046875,"{'percentageOf3Syllables': 11.04026845637584, 'wordInSentence': 24}",2.974051896207585,1002,11.600000000000001,"{'supplement': 47, 'update': 88, 'annual': 11}",[]
148,8177-20060515.txt,0,0.0,"{'percentageOf3Syllables': 0, 'wordInSentence': 0}",0,0,,"{'supplement': 0, 'update': 0, 'annual': 0}",[]
149,8177-20060811.txt,0,0.0,"{'percentageOf3Syllables': 0, 'wordInSentence': 0}",0,0,,"{'supplement': 0, 'update': 0, 'annual': 0}",[]
150,8177-20061114.txt,0,0.0,"{'percentageOf3Syllables': 0, 'wordInSentence': 0}",0,0,,"{'supplement': 0, 'update': 0, 'annual': 0}",[]
151,8177-20070330.txt,3034,21.7802734375,"{'percentageOf3Syllables': 11.04152933421226, 'wordInSentence': 25}",3.012909632571996,1007,12.0,"{'supplement': 47, 'update': 90, 'annual': 11}",[]
152,8177-20070514.txt,0,0.0,"{'percentageOf3Syllables': 0, 'wordInSentence': 0}",0,0,,"{'supplement': 0, 'update': 0, 'annual': 0}",[]
153,8177-20070814.txt,0,0.0,"{'percentageOf3Syllables': 0, 'wordInSentence': 0}",0,0,,"{'supplement': 0, 'update': 0, 'annual': 0}",[]
154,8177-20071113.txt,0,0.0,"{'percentageOf3Syllables': 0, 'wordInSentence': 0}",0,0,,"{'supplement': 0, 'update': 0, 'annual': 0}",[]
155,8177-20080331.txt,2688,19.1328125,"{'percentageOf3Syllables': 10.9375, 'wordInSentence': 25}",2.9377049180327868,915,12.0,"{'supplement': 44, 'update': 74, 'annual': 11}",[]
156,8177-20080515.txt,0,0.0,"{'percentageOf3Syllables': 0, 'wordInSentence': 0}",0,0,,"{'supplement': 0, 'update': 0, 'annual': 0}",[]
157,8177-20080814.txt,0,0.0,"{'percentageOf3Syllables': 0, 'wordInSentence': 0}",0,0,,"{'supplement': 0, 'update': 0, 'annual': 0}",[]
158,8177-20081114.txt,0,0.0,"{'percentageOf3Syllables': 0, 'wordInSentence': 0}",0,0,,"{'supplement': 0, 'update': 0, 'annual': 0}",[]
159,8177-20090331.txt,3291,23.447265625,"{'percentageOf3Syllables': 10.726223032512914, 'wordInSentence': 25}",3.116477272727273,1056,12.0,"{'supplement': 56, 'update': 99, 'annual': 13}",[]
160,8177-20090514.txt,0,0.0,"{'percentageOf3Syllables': 0, 'wordInSentence': 0}",0,0,,"{'supplement': 0, 'update': 0, 'annual': 0}",[]
161,8177-20090813.txt,0,0.0,"{'percentageOf3Syllables': 0, 'wordInSentence': 0}",0,0,,"{'supplement': 0, 'update': 0, 'annual': 0}",[]
162,8177-20091113.txt,0,0.0,"{'percentageOf3Syllables': 0, 'wordInSentence': 0}",0,0,,"{'supplement': 0, 'update': 0, 'annual': 0}",[]
163,8177-20100326.txt,51,0.416015625,"{'percentageOf3Syllables': 9.803921568627452, 'wordInSentence': 25}",1.108695652173913,46,12.0,"{'supplement': 1, 'update': 1, 'annual': 0}","['Item\xc2\xa01A.', 'Risk', 'Factors', 'As', 'a', 'Smaller', 'Reporting', 'Company', 'as', 'defined', 'by', 'Rule\xc2\xa012b-2', 'of', 'the', 'Exchange', 'Act', 'and', 'in', 'Item\xc2\xa010(f)(1)', 'of', 'Regulation\xc2\xa0S-K,', 'we', 'have', 'elected', 'to', 'comply', 'with', 'certain', 'scaled', 'disclosure']"
164,8177-20100507.txt,0,0.0,"{'percentageOf3Syllables': 0, 'wordInSentence': 0}",0,0,,"{'supplement': 0, 'update': 0, 'annual': 0}",[]
165,8177-20100806.txt,0,0.0,"{'percentageOf3Syllables': 0, 'wordInSentence': 0}",0,0,,"{'supplement': 0, 'update': 0, 'annual': 0}",[]
166,8177-20101108.txt,0,0.0,"{'percentageOf3Syllables': 0, 'wordInSentence': 0}",0,0,,"{'supplement': 0, 'update': 0, 'annual': 0}",[]
167,8177-20110325.txt,49,0.291015625,"{'percentageOf3Syllables': 6.122448979591836, 'wordInSentence': 49}",1.1951219512195121,41,21.6,"{'supplement': 1, 'update': 1, 'annual': 0}","['1A.', 'Risk', 'Factors', 'As', 'a', 'smaller', 'reporting', 'company', 'as', 'defined', 'by', 'Rule', '12b-2', 'of', 'the', 'Exchange', 'Act', 'and', 'in', 'Item', '10(f)(1)', 'of', 'Regulation', 'S-K,', 'we', 'have', 'elected', 'to', 'comply', 'with']"
168,8177-20110511.txt,0,0.0,"{'percentageOf3Syllables': 0, 'wordInSentence': 0}",0,0,,"{'supplement': 0, 'update': 0, 'annual': 0}",[]
169,8177-20110812.txt,0,0.0,"{'percentageOf3Syllables': 0, 'wordInSentence': 0}",0,0,,"{'supplement': 0, 'update': 0, 'annual': 0}",[]
170,8177-20111114.txt,0,0.0,"{'percentageOf3Syllables': 0, 'wordInSentence': 0}",0,0,,"{'supplement': 0, 'update': 0, 'annual': 0}",[]
171,8177-20120326.txt,60,0.3505859375,"{'percentageOf3Syllables': 6.666666666666667, 'wordInSentence': 30}",1.1764705882352942,51,14.0,"{'supplement': 1, 'update': 1, 'annual': 0}","['Item', '1A.', 'Risk', 'F', 'act', 'ors', 'As', 'a', 'smaller', 'reporting', 'company', 'as', 'defined', 'by', 'Rule', '12b-2', 'of', 'the', 'Exchange', 'Act', 'and', 'in', 'Item', '10(f)(1)', 'of', 'Regulation', 'S-K,', 'we', 'have', 'elected']"
172,8177-20120511.txt,0,0.0,"{'percentageOf3Syllables': 0, 'wordInSentence': 0}",0,0,,"{'supplement': 0, 'update': 0, 'annual': 0}",[]
173,8177-20120810.txt,0,0.0,"{'percentageOf3Syllables': 0, 'wordInSentence': 0}",0,0,,"{'supplement': 0, 'update': 0, 'annual': 0}",[]
174,8177-20121109.txt,0,0.0,"{'percentageOf3Syllables': 0, 'wordInSentence': 0}",0,0,,"{'supplement': 0, 'update': 0, 'annual': 0}",[]
175,8177-20130327.txt,60,0.3818359375,"{'percentageOf3Syllables': 8.333333333333334, 'wordInSentence': 30}",1.2,50,14.0,"{'supplement': 1, 'update': 1, 'annual': 0}","['Item', '1A.', 'Risk', 'Factors', 'As', 'a', 'smaller', 'reporting', 'company', 'as', 'defined', 'by', 'Rule', '12b-2', 'of', 'the', 'Exchange', 'Act', 'and', 'in', 'Item', '10(f)(1)', 'of', 'Regulation', 'S-K', '(a', '\xe2\x80\x9csmaller', 'reporting', 'company\xe2\x80\x9d),', 'we']"
176,8177-20130514.txt,0,0.0,"{'percentageOf3Syllables': 0, 'wordInSentence': 0}",0,0,,"{'supplement': 0, 'update': 0, 'annual': 0}",[]
177,8177-20130813.txt,0,0.0,"{'percentageOf3Syllables': 0, 'wordInSentence': 0}",0,0,,"{'supplement': 0, 'update': 0, 'annual': 0}",[]
178,8177-20131113.txt,0,0.0,"{'percentageOf3Syllables': 0, 'wordInSentence': 0}",0,0,,"{'supplement': 0, 'update': 0, 'annual': 0}",[]
179,8177-20140326.txt,62,0.3935546875,"{'percentageOf3Syllables': 8.064516129032258, 'wordInSentence': 20}",1.2156862745098038,51,10.0,"{'supplement': 1, 'update': 1, 'annual': 0}","['Item', '1A.', 'Risk', 'Factors', 'As', 'a', 'smaller', 'reporting', 'company', 'as', 'defined', 'by', 'Rule', '12b-2', 'of', 'the', 'Exchange', 'Act', 'and', 'in', 'Item', '10(f)(1)', 'of', 'Regulation', 'S-K', '(a', '\xe2\x80\x9csmaller', 'reporting', 'company\xe2\x80\x9d),', 'we']"
180,8177-20140513.txt,0,0.0,"{'percentageOf3Syllables': 0, 'wordInSentence': 0}",0,0,,"{'supplement': 0, 'update': 0, 'annual': 0}",[]
181,8177-20140812.txt,0,0.0,"{'percentageOf3Syllables': 0, 'wordInSentence': 0}",0,0,,"{'supplement': 0, 'update': 0, 'annual': 0}",[]
182,8177-20141112.txt,0,0.0,"{'percentageOf3Syllables': 0, 'wordInSentence': 0}",0,0,,"{'supplement': 0, 'update': 0, 'annual': 0}",[]
183,8177-20150327.txt,60,0.3759765625,"{'percentageOf3Syllables': 8.333333333333334, 'wordInSentence': 30}",1.2,50,14.0,"{'supplement': 1, 'update': 1, 'annual': 0}","['Item', '1A.', 'Risk', 'Factors', 'As', 'a', 'smaller', 'reporting', 'company', 'as', 'defined', 'by', 'Rule', '12b-2', 'of', 'the', 'Exchange', 'Act', 'and', 'in', 'Item', '10(f)(1)', 'of', 'Regulation', 'S-K', '(a', '\xc2\x93smaller', 'reporting', 'company\xc2\x94),', 'we']"
184,8177-20150513.txt,0,0.0,"{'percentageOf3Syllables': 0, 'wordInSentence': 0}",0,0,,"{'supplement': 0, 'update': 0, 'annual': 0}",[]
185,8177-20150812.txt,0,0.0,"{'percentageOf3Syllables': 0, 'wordInSentence': 0}",0,0,,"{'supplement': 0, 'update': 0, 'annual': 0}",[]
186,8177-20151110.txt,0,0.0,"{'percentageOf3Syllables': 0, 'wordInSentence': 0}",0,0,,"{'supplement': 0, 'update': 0, 'annual': 0}",[]
187,8177-20160329.txt,60,0.3759765625,"{'percentageOf3Syllables': 8.333333333333334, 'wordInSentence': 30}",1.2,50,14.0,"{'supplement': 1, 'update': 1, 'annual': 0}","['Item', '1A.', 'Risk', 'Factors', 'As', 'a', 'smaller', 'reporting', 'company', 'as', 'defined', 'by', 'Rule', '12b-2', 'of', 'the', 'Exchange', 'Act', 'and', 'in', 'Item', '10(f)(1)', 'of', 'Regulation', 'S-K', '(a', '\xc2\x93smaller', 'reporting', 'company\xc2\x94),', 'we']"
188,8497-20070515.txt,4956,33.4228515625,"{'percentageOf3Syllables': 11.400322841000808, 'wordInSentence': 27}",3.6827637444279344,1346,12.8,"{'supplement': 45, 'update': 143, 'annual': 18}",[]
189,8497-20070814.txt,4980,33.625,"{'percentageOf3Syllables': 11.365461847389557, 'wordInSentence': 27}",3.6733038348082596,1356,12.8,"{'supplement': 45, 'update': 143, 'annual': 18}",[]
190,8497-20071114.txt,5015,33.9462890625,"{'percentageOf3Syllables': 11.286141575274177, 'wordInSentence': 26}",3.7128053293856405,1351,12.4,"{'supplement': 45, 'update': 143, 'annual': 18}",[]
191,8497-20080328.txt,0,0.0,"{'percentageOf3Syllables': 0, 'wordInSentence': 0}",0,0,,"{'supplement': 0, 'update': 0, 'annual': 0}",[]
192,8497-20080514.txt,3754,25.2646484375,"{'percentageOf3Syllables': 12.226957911561001, 'wordInSentence': 26}",3.325952170062002,1129,12.4,"{'supplement': 39, 'update': 108, 'annual': 14}",[]
193,8497-20080814.txt,3755,25.2294921875,"{'percentageOf3Syllables': 12.223701731025299, 'wordInSentence': 26}",3.3268379096545617,1129,12.4,"{'supplement': 39, 'update': 109, 'annual': 14}",[]
194,8497-20081114.txt,0,0.0,"{'percentageOf3Syllables': 0, 'wordInSentence': 0}",0,0,,"{'supplement': 0, 'update': 0, 'annual': 0}",[]
195,8497-20090327.txt,0,0.0,"{'percentageOf3Syllables': 0, 'wordInSentence': 0}",0,0,,"{'supplement': 0, 'update': 0, 'annual': 0}",[]
196,8497-20090515.txt,3757,25.2421875,"{'percentageOf3Syllables': 12.190577588501464, 'wordInSentence': 26}",3.3404444444444445,1125,12.4,"{'supplement': 39, 'update': 108, 'annual': 14}",[]
197,8497-20090814.txt,3742,25.1865234375,"{'percentageOf3Syllables': 12.239444147514698, 'wordInSentence': 26}",3.336007130124777,1122,12.4,"{'supplement': 39, 'update': 109, 'annual': 14}",[]
198,8497-20091113.txt,3742,25.201171875,"{'percentageOf3Syllables': 12.185996793158738, 'wordInSentence': 26}",3.336007130124777,1122,12.4,"{'supplement': 39, 'update': 109, 'annual': 14}",[]
199,8497-20100326.txt,0,0.0,"{'percentageOf3Syllables': 0, 'wordInSentence': 0}",0,0,,"{'supplement': 0, 'update': 0, 'annual': 0}",[]
200,8497-20100514 - Copy.txt,5243,34.748046875,"{'percentageOf3Syllables': 11.234026320808697, 'wordInSentence': 26}",3.7165131112686036,1411,12.4,"{'supplement': 46, 'update': 149, 'annual': 22}",[]
201,8497-20100514.txt,5243,34.748046875,"{'percentageOf3Syllables': 11.234026320808697, 'wordInSentence': 26}",3.7165131112686036,1411,12.4,"{'supplement': 46, 'update': 149, 'annual': 22}",[]
202,8497-20100806.txt,0,0.0,"{'percentageOf3Syllables': 0, 'wordInSentence': 0}",0,0,,"{'supplement': 0, 'update': 0, 'annual': 0}",[]
203,8497-20101112.txt,0,0.0,"{'percentageOf3Syllables': 0, 'wordInSentence': 0}",0,0,,"{'supplement': 0, 'update': 0, 'annual': 0}",[]
204,8497-20110329.txt,0,0.0,"{'percentageOf3Syllables': 0, 'wordInSentence': 0}",0,0,,"{'supplement': 0, 'update': 0, 'annual': 0}",[]
205,8497-20110513.txt,6,0.0400390625,"{'percentageOf3Syllables': 16.666666666666668, 'wordInSentence': 6}",1.0,6,4.4,"{'supplement': 0, 'update': 0, 'annual': 0}","['ITEM', '1A.', 'RISK', 'FACTORS', 'Not', 'Applicable']"
206,8497-20110812.txt,6,0.041015625,"{'percentageOf3Syllables': 16.666666666666668, 'wordInSentence': 6}",1.0,6,4.4,"{'supplement': 0, 'update': 0, 'annual': 0}","['ITEM', '1A.', 'RISK', 'FACTORS', 'Not', 'Applicable']"
207,8497-20111114.txt,6,0.041015625,"{'percentageOf3Syllables': 16.666666666666668, 'wordInSentence': 6}",1.0,6,4.4,"{'supplement': 0, 'update': 0, 'annual': 0}","['ITEM', '1A.', 'RISK', 'FACTORS', 'Not', 'Applicable']"
208,8497-20120416.txt,0,0.0,"{'percentageOf3Syllables': 0, 'wordInSentence': 0}",0,0,,"{'supplement': 0, 'update': 0, 'annual': 0}",[]
209,8497-20120515.txt,6,0.0400390625,"{'percentageOf3Syllables': 16.666666666666668, 'wordInSentence': 6}",1.0,6,4.4,"{'supplement': 0, 'update': 0, 'annual': 0}","['ITEM', '1A.', 'RISK', 'FACTORS', 'Not', 'Applicable']"
210,8497-20120814.txt,6,0.041015625,"{'percentageOf3Syllables': 16.666666666666668, 'wordInSentence': 6}",1.0,6,4.4,"{'supplement': 0, 'update': 0, 'annual': 0}","['ITEM', '1A.', 'RISK', 'FACTORS', 'Not', 'Applicable']"
211,8497-20121114.txt,6,0.0400390625,"{'percentageOf3Syllables': 16.666666666666668, 'wordInSentence': 6}",1.0,6,4.4,"{'supplement': 0, 'update': 0, 'annual': 0}","['ITEM', '1A.', 'RISK', 'FACTORS', 'Not', 'Applicable']"
